Slow States of Collapse: ...,£57.31,1
Reasons to Stay Alive,£26.41,1
Private Paris (Private #10),£47.61,1
#HigherSelfie: Wake Up Your ...,£23.11,1
Without Borders (Wanderlove #1),£45.07,1
When We Collided,£31.77,1
We Love You, Charlie ...,£50.27,1
Untitled Collection: Sabbath Poems ...,£14.27,1
Unseen City: The Majesty ...,£44.18,1
Unicorn Tracks,£18.78,1
Unbound: How Eight Technologies ...,£25.52,1
Tsubasa: WoRLD CHRoNiCLE 2 ...,£16.28,1
Throwing Rocks at the ...,£31.12,1
This One Summer,£19.49,1
Thirst,£17.27,1
The Torch Is Passed: ...,£19.09,1
The Secret of Dreadwillow ...,£56.13,1
The Pioneer Woman Cooks: ...,£56.41,1
The Past Never Ends,£56.50,1
The Natural History of ...,£45.22,1
In Her Wake,£12.84,1
How Music Works,£37.32,1
Foolproof Preserving: A Guide ...,£30.52,1
Chase Me (Paris Nights ...,£25.27,1
Black Dust,£34.53,1
Birdsong: A Story in ...,£54.64,1
America's Cradle of Quarterbacks: ...,£22.50,1
Aladdin and His Wonderful ...,£53.13,1
Worlds Elsewhere: Journeys Around ...,£40.30,1
Wall and Piece,£44.18,1
The Four Agreements: A ...,£17.66,1
The Five Love Languages: ...,£31.05,1
The Elephant Tree,£23.82,1
The Bear and the ...,£36.89,1
Sophie's World,£15.94,1
Penny Maybe,£33.29,1
Maude (1883-1993):She Grew Up ...,£18.02,1
In a Dark, Dark ...,£19.63,1
Behind Closed Doors,£52.22,1
You can't bury them ...,£33.63,1
The Nameless City (The ...,£38.16,1
The Murder That Never ...,£54.11,1
The Most Perfect Thing: ...,£42.96,1
The Mindfulness and Acceptance ...,£23.89,1
The Life-Changing Magic of ...,£16.77,1
The Inefficiency Assassin: Time ...,£20.59,1
The Gutsy Girl: Escapades ...,£37.13,1
The Electric Pencil: Drawings ...,£56.06,1
The Death of Humanity: ...,£58.11,1
The Bulletproof Diet: Lose ...,£49.05,1
The Art Forger,£40.76,1
The Age of Genius: ...,£19.73,1
The Activist's Tao Te ...,£32.24,1
Spark Joy: An Illustrated ...,£41.83,1
Soul Reader,£39.58,1
Security,£39.25,1
Saga, Volume 6 (Saga ...,£25.02,1
Saga, Volume 5 (Saga ...,£51.04,1
Reskilling America: Learning to ...,£19.83,1
Rat Queens, Vol. 3: ...,£50.40,1
Princess Jellyfish 2-in-1 Omnibus, ...,£13.61,1
Princess Between Worlds (Wide-Awake ...,£13.34,1
Pop Gun War, Volume ...,£18.97,1
Political Suicide: Missteps, Peccadilloes, ...,£36.28,1
Patience,£10.16,1
Outcast, Vol. 1: A ...,£15.44,1
orange: The Complete Collection ...,£48.41,1
Online Marketing for Busy ...,£46.35,1
On a Midnight Clear,£14.07,1
Obsidian (Lux #1),£14.86,1
My Paris Kitchen: Recipes ...,£33.37,1
Masks and Shadows,£56.40,1
Mama Tried: Traditional Italian ...,£14.02,1
Lumberjanes, Vol. 2: Friendship ...,£46.91,1
Lumberjanes, Vol. 1: Beware ...,£45.61,1
Lumberjanes Vol. 3: A ...,£19.92,1
Layered: Baking, Building, and ...,£40.11,1
Judo: Seven Steps to ...,£53.90,1
Join,£35.67,1
In the Country We ...,£22.00,1
A Light in the ...,£51.77,1
Tipping the Velvet,£53.74,1
Soumission,£50.10,1
Sharp Objects,£47.82,1
Sapiens: A Brief History ...,£54.23,1
The Requiem Red,£22.65,1
The Dirty Little Secrets ...,£33.34,1
The Coming Woman: A ...,£17.93,1
The Boys in the ...,£22.60,1
The Black Maria,£52.15,1
Starving Hearts (Triangular Trade ...,£13.99,1
Shakespeare's Sonnets,£20.66,1
Set Me Free,£17.46,1
Scott Pilgrim's Precious Little ...,£52.29,1
Rip it Up and ...,£35.02,1
Our Band Could Be ...,£57.25,1
Olio,£23.88,1
Mesaerion: The Best Science ...,£37.59,1
Libertarianism for Beginners,£51.33,1
It's Only the Himalayas,£45.17,1
